line_id,month,account_id,department_id,product_id,amount
1,2026-01-01,1,,1,-387257.79
2,2026-01-01,1,,1,-440937.77
3,2026-01-01,1,,1,-324171.96
4,2026-01-01,1,,1,-342772.7
5,2026-01-01,2,,1,15253.51
6,2026-01-01,3,,1,576902.24
7,2026-01-01,4,,1,98897.53
8,2026-01-01,5,,1,148346.29
9,2026-01-01,1,,2,-332451.41
10,2026-01-01,1,,2,-337026.45
11,2026-01-01,1,,2,-334945.76
12,2026-01-01,1,,2,-314916.77
13,2026-01-01,2,,2,12507.17
14,2026-01-01,3,,2,509778.97
15,2026-01-01,4,,2,87390.68
16,2026-01-01,5,,2,131086.02
17,2026-01-01,1,,3,-366944.77
18,2026-01-01,1,,3,-421635.92
19,2026-01-01,1,,3,-402224.85
20,2026-01-01,1,,3,-401357.68
21,2026-01-01,2,,3,14998.89
22,2026-01-01,3,,3,822367.54
23,2026-01-01,4,,3,140977.29
24,2026-01-01,5,,3,211465.94
25,2026-01-01,1,,4,-302404.78
26,2026-01-01,1,,4,-323374.84
27,2026-01-01,1,,4,-270974.71
28,2026-01-01,1,,4,-223835.53
29,2026-01-01,2,,4,10848.19
30,2026-01-01,3,,4,584641.69
31,2026-01-01,4,,4,100224.29
32,2026-01-01,5,,4,150336.43
33,2026-01-01,1,,5,-282207.53
34,2026-01-01,1,,5,-265283.83
35,2026-01-01,1,,5,-252867.95
36,2026-01-01,1,,5,-198644.77
37,2026-01-01,2,,5,10411.35
38,2026-01-01,3,,5,452450.85
39,2026-01-01,4,,5,77563.0
40,2026-01-01,5,,5,116344.51
41,2026-01-01,1,,6,-214323.82
42,2026-01-01,1,,6,-207090.83
43,2026-01-01,1,,6,-175427.19
44,2026-01-01,1,,6,-207745.94
45,2026-01-01,2,,6,8448.41
46,2026-01-01,3,,6,368299.85
47,2026-01-01,4,,6,63137.12
48,2026-01-01,5,,6,94705.67
49,2026-01-01,6,1,,404927.35
50,2026-01-01,7,1,,56689.83
51,2026-01-01,6,2,,151250.26
52,2026-01-01,7,2,,21175.04
53,2026-01-01,6,3,,119420.74
54,2026-01-01,7,3,,16718.9
55,2026-01-01,6,4,,125798.31
56,2026-01-01,7,4,,17611.76
57,2026-01-01,8,1,,85455.78
58,2026-01-01,8,2,,53409.86
59,2026-01-01,8,3,,21363.95
60,2026-01-01,8,4,,53409.86
61,2026-01-01,9,1,,132000.0
62,2026-01-01,9,2,,44000.0
63,2026-01-01,9,4,,44000.0
64,2026-01-01,10,1,,12421.96
65,2026-01-01,10,2,,7453.18
66,2026-01-01,10,3,,24843.92
67,2026-01-01,10,4,,4968.78
68,2026-01-01,11,1,,12034.54
69,2026-01-01,11,4,,48138.14
70,2026-01-01,12,3,,83165.42
71,2026-02-01,1,,1,-296634.97
72,2026-02-01,1,,1,-391577.11
73,2026-02-01,1,,1,-417950.26
74,2026-02-01,1,,1,-304407.95
75,2026-02-01,2,,1,14450.76
76,2026-02-01,3,,1,546473.6
77,2026-02-01,4,,1,93681.19
78,2026-02-01,5,,1,140521.78
79,2026-02-01,1,,2,-336190.96
80,2026-02-01,1,,2,-305989.95
81,2026-02-01,1,,2,-286200.72
82,2026-02-01,1,,2,-287669.67
83,2026-02-01,2,,2,13205.02
84,2026-02-01,3,,2,479905.9
85,2026-02-01,4,,2,82269.58
86,2026-02-01,5,,2,123404.38
87,2026-02-01,1,,3,-398949.49
88,2026-02-01,1,,3,-344835.8
89,2026-02-01,1,,3,-418382.97
90,2026-02-01,1,,3,-373866.52
91,2026-02-01,2,,3,15295.51
92,2026-02-01,3,,3,817841.29
93,2026-02-01,4,,3,140201.36
94,2026-02-01,5,,3,210302.05
95,2026-02-01,1,,4,-240265.0
96,2026-02-01,1,,4,-215283.06
97,2026-02-01,1,,4,-281202.25
98,2026-02-01,1,,4,-275021.58
99,2026-02-01,2,,4,10033.19
100,2026-02-01,3,,4,533862.08
101,2026-02-01,4,,4,91519.21
102,2026-02-01,5,,4,137278.82
103,2026-02-01,1,,5,-216016.17
104,2026-02-01,1,,5,-237564.99
105,2026-02-01,1,,5,-240021.11
106,2026-02-01,1,,5,-270119.17
107,2026-02-01,2,,5,10230.79
108,2026-02-01,3,,5,435833.56
109,2026-02-01,4,,5,74714.32
110,2026-02-01,5,,5,112071.49
111,2026-02-01,1,,6,-182378.24
112,2026-02-01,1,,6,-229625.26
113,2026-02-01,1,,6,-165193.96
114,2026-02-01,1,,6,-211717.08
115,2026-02-01,2,,6,8338.96
116,2026-02-01,3,,6,356809.03
117,2026-02-01,4,,6,61167.26
118,2026-02-01,5,,6,91750.89
119,2026-02-01,6,1,,404618.66
120,2026-02-01,7,1,,56646.61
121,2026-02-01,6,2,,151395.8
122,2026-02-01,7,2,,21195.41
123,2026-02-01,6,3,,121121.44
124,2026-02-01,7,3,,16957.0
125,2026-02-01,6,4,,126862.95
126,2026-02-01,7,4,,17760.81
127,2026-02-01,8,1,,79733.07
128,2026-02-01,8,2,,49833.17
129,2026-02-01,8,3,,19933.27
130,2026-02-01,8,4,,49833.17
131,2026-02-01,9,1,,132000.0
132,2026-02-01,9,2,,44000.0
133,2026-02-01,9,4,,44000.0
134,2026-02-01,10,1,,10866.11
135,2026-02-01,10,2,,6519.66
136,2026-02-01,10,3,,21732.21
137,2026-02-01,10,4,,4346.44
138,2026-02-01,11,1,,11551.61
139,2026-02-01,11,4,,46206.46
140,2026-02-01,12,3,,89977.26
141,2026-03-01,1,,1,-430289.48
142,2026-03-01,1,,1,-437085.43
143,2026-03-01,1,,1,-359396.64
144,2026-03-01,1,,1,-356930.77
145,2026-03-01,2,,1,16092.44
146,2026-03-01,3,,1,617209.98
147,2026-03-01,4,,1,105807.42
148,2026-03-01,5,,1,158711.14
149,2026-03-01,1,,2,-285122.72
150,2026-03-01,1,,2,-332465.27
151,2026-03-01,1,,2,-349053.85
152,2026-03-01,1,,2,-374994.78
153,2026-03-01,2,,2,13868.44
154,2026-03-01,3,,2,516294.36
155,2026-03-01,4,,2,88507.6
156,2026-03-01,5,,2,132761.41
157,2026-03-01,1,,3,-399226.91
158,2026-03-01,1,,3,-428045.69
159,2026-03-01,1,,3,-455928.69
160,2026-03-01,1,,3,-385150.53
161,2026-03-01,2,,3,17419.17
162,2026-03-01,3,,3,866324.43
163,2026-03-01,4,,3,148512.76
164,2026-03-01,5,,3,222769.14
165,2026-03-01,1,,4,-318739.51
166,2026-03-01,1,,4,-309873.86
167,2026-03-01,1,,4,-269871.12
168,2026-03-01,1,,4,-224587.18
169,2026-03-01,2,,4,11609.32
170,2026-03-01,3,,4,598820.06
171,2026-03-01,4,,4,102654.87
172,2026-03-01,5,,4,153982.3
173,2026-03-01,1,,5,-251568.02
174,2026-03-01,1,,5,-263135.63
175,2026-03-01,1,,5,-306331.49
176,2026-03-01,1,,5,-274916.73
177,2026-03-01,2,,5,10294.71
178,2026-03-01,3,,5,484941.65
179,2026-03-01,4,,5,83132.85
180,2026-03-01,5,,5,124699.28
181,2026-03-01,1,,6,-181261.65
182,2026-03-01,1,,6,-207384.92
183,2026-03-01,1,,6,-207949.1
184,2026-03-01,1,,6,-244718.86
185,2026-03-01,2,,6,7615.23
186,2026-03-01,3,,6,380010.03
187,2026-03-01,4,,6,65144.58
188,2026-03-01,5,,6,97716.87
189,2026-03-01,6,1,,403604.86
190,2026-03-01,7,1,,56504.68
191,2026-03-01,6,2,,149411.02
192,2026-03-01,7,2,,20917.54
193,2026-03-01,6,3,,119582.5
194,2026-03-01,7,3,,16741.55
195,2026-03-01,6,4,,125045.86
196,2026-03-01,7,4,,17506.42
197,2026-03-01,8,1,,85744.41
198,2026-03-01,8,2,,53590.26
199,2026-03-01,8,3,,21436.1
200,2026-03-01,8,4,,53590.26
201,2026-03-01,9,1,,132000.0
202,2026-03-01,9,2,,44000.0
203,2026-03-01,9,4,,44000.0
204,2026-03-01,10,1,,12768.57
205,2026-03-01,10,2,,7661.14
206,2026-03-01,10,3,,25537.14
207,2026-03-01,10,4,,5107.43
208,2026-03-01,11,1,,12585.48
209,2026-03-01,11,4,,50341.93
210,2026-03-01,12,3,,85016.02
211,2026-04-01,1,,1,-410156.3
212,2026-04-01,1,,1,-456115.19
213,2026-04-01,1,,1,-470208.05
214,2026-04-01,1,,1,-363300.41
215,2026-04-01,2,,1,16654.98
216,2026-04-01,3,,1,647303.86
217,2026-04-01,4,,1,110966.38
218,2026-04-01,5,,1,166449.57
219,2026-04-01,1,,2,-351531.92
220,2026-04-01,1,,2,-392174.38
221,2026-04-01,1,,2,-338692.5
222,2026-04-01,1,,2,-380533.31
223,2026-04-01,2,,2,13718.0
224,2026-04-01,3,,2,573194.64
225,2026-04-01,4,,2,98261.94
226,2026-04-01,5,,2,147392.91
227,2026-04-01,1,,3,-407037.12
228,2026-04-01,1,,3,-448139.64
229,2026-04-01,1,,3,-404932.08
230,2026-04-01,1,,3,-475680.25
231,2026-04-01,2,,3,16178.91
232,2026-04-01,3,,3,979732.42
233,2026-04-01,4,,3,167954.13
234,2026-04-01,5,,3,251931.19
235,2026-04-01,1,,4,-298602.99
236,2026-04-01,1,,4,-257113.27
237,2026-04-01,1,,4,-285098.61
238,2026-04-01,1,,4,-289941.98
239,2026-04-01,2,,4,10772.59
240,2026-04-01,3,,4,625766.23
241,2026-04-01,4,,4,107274.21
242,2026-04-01,5,,4,160911.32
243,2026-04-01,1,,5,-299930.92
244,2026-04-01,1,,5,-282682.66
245,2026-04-01,1,,5,-301675.35
246,2026-04-01,1,,5,-257683.31
247,2026-04-01,2,,5,12097.15
248,2026-04-01,3,,5,526651.74
249,2026-04-01,4,,5,90283.16
250,2026-04-01,5,,5,135424.73
251,2026-04-01,1,,6,-192411.53
252,2026-04-01,1,,6,-254699.97
253,2026-04-01,1,,6,-248228.02
254,2026-04-01,1,,6,-228141.11
255,2026-04-01,2,,6,9064.89
256,2026-04-01,3,,6,422009.35
257,2026-04-01,4,,6,72344.46
258,2026-04-01,5,,6,108516.69
259,2026-04-01,6,1,,407830.9
260,2026-04-01,7,1,,57096.33
261,2026-04-01,6,2,,150511.2
262,2026-04-01,7,2,,21071.57
263,2026-04-01,6,3,,121106.88
264,2026-04-01,7,3,,16954.96
265,2026-04-01,6,4,,125626.91
266,2026-04-01,7,4,,17587.77
267,2026-04-01,8,1,,75606.52
268,2026-04-01,8,2,,47254.07
269,2026-04-01,8,3,,18901.63
270,2026-04-01,8,4,,47254.07
271,2026-04-01,9,1,,132000.0
272,2026-04-01,9,2,,44000.0
273,2026-04-01,9,4,,44000.0
274,2026-04-01,10,1,,12732.51
275,2026-04-01,10,2,,7639.51
276,2026-04-01,10,3,,25465.02
277,2026-04-01,10,4,,5093.0
278,2026-04-01,11,1,,12138.88
279,2026-04-01,11,4,,48555.51
280,2026-04-01,12,3,,90552.65
281,2026-05-01,1,,1,-442388.87
282,2026-05-01,1,,1,-444507.82
283,2026-05-01,1,,1,-383301.32
284,2026-05-01,1,,1,-397194.56
285,2026-05-01,2,,1,15900.59
286,2026-05-01,3,,1,640609.68
287,2026-05-01,4,,1,109818.8
288,2026-05-01,5,,1,164728.2
289,2026-05-01,1,,2,-391078.7
290,2026-05-01,1,,2,-287368.92
291,2026-05-01,1,,2,-355300.65
292,2026-05-01,1,,2,-365169.41
293,2026-05-01,2,,2,14611.3
294,2026-05-01,3,,2,534332.95
295,2026-05-01,4,,2,91599.93
296,2026-05-01,5,,2,137399.9
297,2026-05-01,1,,3,-403731.13
298,2026-05-01,1,,3,-503140.45
299,2026-05-01,1,,3,-406258.02
300,2026-05-01,1,,3,-410436.8
301,2026-05-01,2,,3,16411.31
302,2026-05-01,3,,3,935718.95
303,2026-05-01,4,,3,160408.96
304,2026-05-01,5,,3,240613.44
305,2026-05-01,1,,4,-341171.04
306,2026-05-01,1,,4,-296662.8
307,2026-05-01,1,,4,-247627.29
308,2026-05-01,1,,4,-257581.86
309,2026-05-01,2,,4,10339.92
310,2026-05-01,3,,4,617242.49
311,2026-05-01,4,,4,105813.0
312,2026-05-01,5,,4,158719.5
313,2026-05-01,1,,5,-313404.11
314,2026-05-01,1,,5,-250874.64
315,2026-05-01,1,,5,-296714.66
316,2026-05-01,1,,5,-278301.62
317,2026-05-01,2,,5,11745.49
318,2026-05-01,3,,5,519971.43
319,2026-05-01,4,,5,89137.96
320,2026-05-01,5,,5,133706.94
321,2026-05-01,1,,6,-193359.4
322,2026-05-01,1,,6,-214918.11
323,2026-05-01,1,,6,-259988.22
324,2026-05-01,1,,6,-251199.32
325,2026-05-01,2,,6,9537.54
326,2026-05-01,3,,6,425969.73
327,2026-05-01,4,,6,73023.38
328,2026-05-01,5,,6,109535.07
329,2026-05-01,6,1,,406469.37
330,2026-05-01,7,1,,56905.71
331,2026-05-01,6,2,,151271.2
332,2026-05-01,7,2,,21177.97
333,2026-05-01,6,3,,119733.71
334,2026-05-01,7,3,,16762.72
335,2026-05-01,6,4,,127126.6
336,2026-05-01,7,4,,17797.72
337,2026-05-01,8,1,,78160.87
338,2026-05-01,8,2,,48850.54
339,2026-05-01,8,3,,19540.22
340,2026-05-01,8,4,,48850.54
341,2026-05-01,9,1,,132000.0
342,2026-05-01,9,2,,44000.0
343,2026-05-01,9,4,,44000.0
344,2026-05-01,10,1,,13382.7
345,2026-05-01,10,2,,8029.62
346,2026-05-01,10,3,,26765.4
347,2026-05-01,10,4,,5353.08
348,2026-05-01,11,1,,11878.54
349,2026-05-01,11,4,,47514.17
350,2026-05-01,12,3,,83140.75
351,2026-06-01,1,,1,-475802.88
352,2026-06-01,1,,1,-450319.62
353,2026-06-01,1,,1,-341347.76
354,2026-06-01,1,,1,-445180.92
355,2026-06-01,2,,1,16506.13
356,2026-06-01,3,,1,672830.58
357,2026-06-01,4,,1,115342.39
358,2026-06-01,5,,1,173013.58
359,2026-06-01,1,,2,-368002.31
360,2026-06-01,1,,2,-391111.88
361,2026-06-01,1,,2,-303585.49
362,2026-06-01,1,,2,-376352.51
363,2026-06-01,2,,2,13291.9
364,2026-06-01,3,,2,547464.37
365,2026-06-01,4,,2,93851.04
366,2026-06-01,5,,2,140776.55
367,2026-06-01,1,,3,-469390.17
368,2026-06-01,1,,3,-358572.22
369,2026-06-01,1,,3,-455662.18
370,2026-06-01,1,,3,-416398.05
371,2026-06-01,2,,3,16606.18
372,2026-06-01,3,,3,926947.65
373,2026-06-01,4,,3,158905.31
374,2026-06-01,5,,3,238357.97
375,2026-06-01,1,,4,-233595.14
376,2026-06-01,1,,4,-279509.29
377,2026-06-01,1,,4,-292549.29
378,2026-06-01,1,,4,-322567.74
379,2026-06-01,2,,4,11696.84
380,2026-06-01,3,,4,624420.68
381,2026-06-01,4,,4,107043.54
382,2026-06-01,5,,4,160565.32
383,2026-06-01,1,,5,-246268.74
384,2026-06-01,1,,5,-277119.19
385,2026-06-01,1,,5,-301706.58
386,2026-06-01,1,,5,-275535.05
387,2026-06-01,2,,5,10598.5
388,2026-06-01,3,,5,513301.88
389,2026-06-01,4,,5,87994.61
390,2026-06-01,5,,5,131991.91
391,2026-06-01,1,,6,-217842.55
392,2026-06-01,1,,6,-226139.15
393,2026-06-01,1,,6,-252684.24
394,2026-06-01,1,,6,-214520.25
395,2026-06-01,2,,6,8684.01
396,2026-06-01,3,,6,413984.05
397,2026-06-01,4,,6,70968.69
398,2026-06-01,5,,6,106453.04
399,2026-06-01,6,1,,461336.6
400,2026-06-01,7,1,,64587.12
401,2026-06-01,6,2,,149452.49
402,2026-06-01,7,2,,20923.35
403,2026-06-01,6,3,,120378.88
404,2026-06-01,7,3,,16853.04
405,2026-06-01,6,4,,124768.75
406,2026-06-01,7,4,,17467.63
407,2026-06-01,8,1,,86120.05
408,2026-06-01,8,2,,53825.03
409,2026-06-01,8,3,,21530.01
410,2026-06-01,8,4,,53825.03
411,2026-06-01,9,1,,132000.0
412,2026-06-01,9,2,,44000.0
413,2026-06-01,9,4,,44000.0
414,2026-06-01,10,1,,12389.54
415,2026-06-01,10,2,,7433.73
416,2026-06-01,10,3,,24779.09
417,2026-06-01,10,4,,4955.82
418,2026-06-01,11,1,,12902.77
419,2026-06-01,11,4,,51611.09
420,2026-06-01,12,3,,270000.0
421,2026-07-01,1,,1,-397752.44
422,2026-07-01,1,,1,-394873.9
423,2026-07-01,1,,1,-325986.62
424,2026-07-01,1,,1,-404402.63
425,2026-07-01,2,,1,16603.92
426,2026-07-01,3,,1,575916.37
427,2026-07-01,4,,1,98728.52
428,2026-07-01,5,,1,148092.78
429,2026-07-01,1,,2,-290904.67
430,2026-07-01,1,,2,-311804.74
431,2026-07-01,1,,2,-348535.27
432,2026-07-01,1,,2,-336875.72
433,2026-07-01,2,,2,12814.38
434,2026-07-01,3,,2,503225.1
435,2026-07-01,4,,2,86267.16
436,2026-07-01,5,,2,129400.74
437,2026-07-01,1,,3,-422306.35
438,2026-07-01,1,,3,-346099.34
439,2026-07-01,1,,3,-465015.76
440,2026-07-01,1,,3,-474118.22
441,2026-07-01,2,,3,18146.89
442,2026-07-01,3,,3,962293.99
443,2026-07-01,4,,3,164964.68
444,2026-07-01,5,,3,247447.02
445,2026-07-01,1,,4,-311694.4
446,2026-07-01,1,,4,-246156.54
447,2026-07-01,1,,4,-280240.22
448,2026-07-01,1,,4,-322547.35
449,2026-07-01,2,,4,10765.99
450,2026-07-01,3,,4,643747.84
451,2026-07-01,4,,4,110356.77
452,2026-07-01,5,,4,165535.16
453,2026-07-01,1,,5,-268832.06
454,2026-07-01,1,,5,-345413.94
455,2026-07-01,1,,5,-313121.5
456,2026-07-01,1,,5,-311938.21
457,2026-07-01,2,,5,13522.17
458,2026-07-01,3,,5,566649.08
459,2026-07-01,4,,5,97139.84
460,2026-07-01,5,,5,145709.76
461,2026-07-01,1,,6,-281201.59
462,2026-07-01,1,,6,-229513.86
463,2026-07-01,1,,6,-266813.63
464,2026-07-01,1,,6,-221802.51
465,2026-07-01,2,,6,10458.16
466,2026-07-01,3,,6,451519.73
467,2026-07-01,4,,6,77403.38
468,2026-07-01,5,,6,116105.07
469,2026-07-01,6,1,,456810.06
470,2026-07-01,7,1,,63953.41
471,2026-07-01,6,2,,148624.77
472,2026-07-01,7,2,,20807.47
473,2026-07-01,6,3,,120222.53
474,2026-07-01,7,3,,16831.15
475,2026-07-01,6,4,,126723.85
476,2026-07-01,7,4,,17741.34
477,2026-07-01,8,1,,75676.3
478,2026-07-01,8,2,,47297.69
479,2026-07-01,8,3,,18919.07
480,2026-07-01,8,4,,47297.69
481,2026-07-01,9,1,,132000.0
482,2026-07-01,9,2,,44000.0
483,2026-07-01,9,4,,44000.0
484,2026-07-01,10,1,,11723.42
485,2026-07-01,10,2,,7034.05
486,2026-07-01,10,3,,23446.85
487,2026-07-01,10,4,,4689.37
488,2026-07-01,11,1,,12079.04
489,2026-07-01,11,4,,48316.15
490,2026-07-01,12,3,,87944.02
491,2026-08-01,1,,1,-448031.94
492,2026-08-01,1,,1,-327738.03
493,2026-08-01,1,,1,-425026.65
494,2026-08-01,1,,1,-404486.18
495,2026-08-01,2,,1,15804.5
496,2026-08-01,3,,1,629670.48
497,2026-08-01,4,,1,107943.51
498,2026-08-01,5,,1,161915.27
499,2026-08-01,1,,2,-417999.11
500,2026-08-01,1,,2,-302797.99
501,2026-08-01,1,,2,-350961.62
502,2026-08-01,1,,2,-304016.76
503,2026-08-01,2,,2,13865.33
504,2026-08-01,3,,2,517594.64
505,2026-08-01,4,,2,88730.51
506,2026-08-01,5,,2,133095.76
507,2026-08-01,1,,3,-534933.72
508,2026-08-01,1,,3,-490592.41
509,2026-08-01,1,,3,-371552.03
510,2026-08-01,1,,3,-440696.72
511,2026-08-01,2,,3,17892.56
512,2026-08-01,3,,3,1003781.87
513,2026-08-01,4,,3,172076.89
514,2026-08-01,5,,3,258115.34
515,2026-08-01,1,,4,-238603.98
516,2026-08-01,1,,4,-334931.87
517,2026-08-01,1,,4,-278777.45
518,2026-08-01,1,,4,-322470.99
519,2026-08-01,2,,4,12280.31
520,2026-08-01,3,,4,644719.13
521,2026-08-01,4,,4,110523.28
522,2026-08-01,5,,4,165784.92
523,2026-08-01,1,,5,-305655.63
524,2026-08-01,1,,5,-378782.37
525,2026-08-01,1,,5,-276121.08
526,2026-08-01,1,,5,-327936.97
527,2026-08-01,2,,5,13731.87
528,2026-08-01,3,,5,588832.1
529,2026-08-01,4,,5,100942.65
530,2026-08-01,5,,5,151413.97
531,2026-08-01,1,,6,-224839.29
532,2026-08-01,1,,6,-300035.5
533,2026-08-01,1,,6,-225413.38
534,2026-08-01,1,,6,-269348.68
535,2026-08-01,2,,6,9813.04
536,2026-08-01,3,,6,467836.94
537,2026-08-01,4,,6,80200.62
538,2026-08-01,5,,6,120300.93
539,2026-08-01,6,1,,456485.12
540,2026-08-01,7,1,,63907.92
541,2026-08-01,6,2,,149475.01
542,2026-08-01,7,2,,20926.5
543,2026-08-01,6,3,,120015.05
544,2026-08-01,7,3,,16802.11
545,2026-08-01,6,4,,125575.92
546,2026-08-01,7,4,,17580.63
547,2026-08-01,8,1,,85210.95
548,2026-08-01,8,2,,53256.84
549,2026-08-01,8,3,,21302.74
550,2026-08-01,8,4,,53256.84
551,2026-08-01,9,1,,132000.0
552,2026-08-01,9,2,,44000.0
553,2026-08-01,9,4,,44000.0
554,2026-08-01,10,1,,13339.43
555,2026-08-01,10,2,,8003.66
556,2026-08-01,10,,,26678.86
557,2026-08-01,10,4,,5335.77
558,2026-08-01,11,1,,12685.92
559,2026-08-01,11,4,,50743.69
560,2026-08-01,12,3,,88604.2
561,2026-09-01,1,,1,-342540.43
562,2026-09-01,1,,1,-414898.89
563,2026-09-01,1,,1,-362346.97
564,2026-09-01,1,,1,-430022.41
565,2026-09-01,2,,1,15218.19
566,2026-09-01,3,,1,600235.81
567,2026-09-01,4,,1,102897.57
568,2026-09-01,5,,1,154346.35
569,2026-09-01,1,,2,-367399.85
570,2026-09-01,1,,2,-355855.86
571,2026-09-01,1,,2,-284967.44
572,2026-09-01,1,,2,-303724.98
573,2026-09-01,2,,2,14000.18
574,2026-09-01,3,,2,504954.47
575,2026-09-01,4,,2,86563.62
576,2026-09-01,5,,2,129845.43
577,2026-09-01,1,,3,-393485.41
578,2026-09-01,1,,3,-481801.0
579,2026-09-01,1,,3,-409796.36
580,2026-09-01,1,,3,-545146.55
581,2026-09-01,2,,3,18526.68
582,2026-09-01,3,,3,997307.55
583,2026-09-01,4,,3,170967.01
584,2026-09-01,5,,3,256450.51
585,2026-09-01,1,,4,-289021.23
586,2026-09-01,1,,4,-243340.54
587,2026-09-01,1,,4,-326961.77
588,2026-09-01,1,,4,-321864.94
589,2026-09-01,2,,4,11426.43
590,2026-09-01,3,,4,657992.27
591,2026-09-01,4,,4,112798.68
592,2026-09-01,5,,4,169198.01
593,2026-09-01,1,,5,-340932.67
594,2026-09-01,1,,5,-353549.47
595,2026-09-01,1,,5,-319412.64
596,2026-09-01,1,,5,-304898.53
597,2026-09-01,2,,5,12422.8
598,2026-09-01,3,,5,591668.08
599,2026-09-01,4,,5,101428.81
600,2026-09-01,5,,5,152143.22
601,2026-09-01,1,,6,-290737.44
602,2026-09-01,1,,6,-214551.59
603,2026-09-01,1,,6,-273074.59
604,2026-09-01,1,,6,-240340.13
605,2026-09-01,2,,6,9848.86
606,2026-09-01,3,,6,462276.97
607,2026-09-01,4,,6,79247.48
608,2026-09-01,5,,6,118871.22
609,2026-09-01,6,1,,458216.23
610,2026-09-01,7,1,,64150.27
611,2026-09-01,6,2,,150834.6
612,2026-09-01,7,2,,21116.84
613,2026-09-01,6,3,,119942.26
614,2026-09-01,7,3,,16791.92
615,2026-09-01,6,4,,126980.75
616,2026-09-01,7,4,,17777.3
617,2026-09-01,8,1,,77935.96
618,2026-09-01,8,2,,48709.97
619,2026-09-01,8,3,,19483.99
620,2026-09-01,8,4,,48709.97
621,2026-09-01,9,1,,132000.0
622,2026-09-01,9,2,,44000.0
623,2026-09-01,9,4,,44000.0
624,2026-09-01,10,1,,10765.61
625,2026-09-01,10,2,,6459.37
626,2026-09-01,10,3,,21531.22
627,2026-09-01,10,4,,4306.24
628,2026-09-01,11,1,,11462.15
629,2026-09-01,11,4,,45848.61
630,2026-09-01,12,3,,84540.1
631,2026-10-01,11,4,,15000.0
601,2026-09-01,1,,6,-290737.44
632,2026-07-01,,4,,12345.67
633,2026-09-01,10,1,,
634,2026-08-01,99,1,,18500.0
