month,product_id,actual_units,actual_revenue,budget_units,budget_revenue
2026-01-01,1,17589,1495140.22,18000,1530000
2026-01-01,2,10984,1319340.39,10800,1296000
2026-01-01,3,26369,1592163.22,27000,1620000
2026-01-01,4,7407,1120589.86,7200,1080000
2026-01-01,5,22219,999004.08,22500,1012500
2026-01-01,6,4479,804587.78,4500,810000
2026-02-01,1,16719,1410570.29,17000,1445000
2026-02-01,2,10189,1216051.3,10200,1224000
2026-02-01,3,25570,1536034.78,25500,1530000
2026-02-01,4,6773,1011771.89,6800,1020000
2026-02-01,5,21237,963721.44,21250,956250
2026-02-01,6,4354,788914.54,4250,765000
2026-03-01,1,18540,1583702.32,19000,1615000
2026-03-01,2,11115,1341636.62,11400,1368000
2026-03-01,3,27910,1668351.82,28500,1710000
2026-03-01,4,7474,1123071.67,7600,1140000
2026-03-01,5,24154,1095951.87,23750,1068750
2026-03-01,6,4638,841314.53,4750,855000
2026-04-01,1,20024,1699779.95,20000,1700000
2026-04-01,2,12303,1462932.11,12000,1440000
2026-04-01,3,30680,1735789.09,30000,1800000
2026-04-01,4,7947,1130756.85,8000,1200000
2026-04-01,5,25420,1141972.24,25000,1125000
2026-04-01,6,5095,923480.63,5000,900000
2026-05-01,1,19532,1667392.57,20000,1700000
2026-05-01,2,11713,1398917.68,12000,1440000
2026-05-01,3,30234,1723566.4,30000,1800000
2026-05-01,4,7958,1143042.99,8000,1200000
2026-05-01,5,25279,1139295.03,25000,1125000
2026-05-01,6,5127,919465.05,5000,900000
2026-06-01,1,20234,1712651.18,20000,1700000
2026-06-01,2,12030,1439052.19,12000,1440000
2026-06-01,3,29737,1700022.62,30000,1800000
2026-06-01,4,7962,1128221.46,8000,1200000
2026-06-01,5,24632,1100629.56,25000,1125000
2026-06-01,6,5028,911186.19,5000,900000
2026-07-01,1,17789,1523015.59,20000,1700000
2026-07-01,2,10768,1288120.4,12000,1440000
2026-07-01,3,30145,1707539.67,30000,1800000
2026-07-01,4,8097,1160638.51,8000,1200000
2026-07-01,5,27808,1239305.71,25000,1125000
2026-07-01,6,5550,999331.59,5000,900000
2026-08-01,1,19004,1605282.8,21000,1785000
2026-08-01,2,11356,1375775.48,12600,1512000
2026-08-01,3,32232,1837774.88,31500,1890000
2026-08-01,4,8226,1174784.29,8400,1260000
2026-08-01,5,28549,1288496.05,26250,1181250
2026-08-01,6,5655,1019636.85,5250,945000
2026-09-01,1,18122,1549808.7,21000,1785000
2026-09-01,2,11009,1311948.13,12600,1512000
2026-09-01,3,32145,1830229.32,31500,1890000
2026-09-01,4,8296,1181188.48,8400,1260000
2026-09-01,5,29069,1318793.31,26250,1181250
2026-09-01,6,5612,1018703.75,5250,945000
2026-10-01,1,,,22000,1870000
2026-10-01,2,,,13200,1584000
2026-10-01,3,,,33000,1980000
2026-10-01,4,,,8800,1320000
2026-10-01,5,,,27500,1237500
2026-10-01,6,,,5500,990000
2026-11-01,1,,,22000,1870000
2026-11-01,2,,,13200,1584000
2026-11-01,3,,,33000,1980000
2026-11-01,4,,,8800,1320000
2026-11-01,5,,,27500,1237500
2026-11-01,6,,,5500,990000
2026-12-01,1,,,20000,1700000
2026-12-01,2,,,12000,1440000
2026-12-01,3,,,30000,1800000
2026-12-01,4,,,8000,1200000
2026-12-01,5,,,25000,1125000
2026-12-01,6,,,5000,900000
